heuristic,a1,a2,a3,a4,a5,a6,a7,a8,b1,b2,b3,b4,b5,b6,b7,b8,c1,c2,c3,c4,c5,c6,c7,c8,d1,d2,d3,d4,d5,d6,d7,d8
smallest cur_dom,0.00036183802876621485,0.0005384269752539694,0.00037611101288348436,0.001119083957746625,0.0009585199877619743,0.002104217011947185,0.001023739983793348,0.02140765800140798,0.004058254009578377,0.0022464339854195714,0.0038401890196837485,0.0056991190067492425,0.0020488459849730134,0.0024416259839199483,0.00391397497151047,0.004897717968560755,0.005728196003474295,0.0037214389885775745,0.09025683702202514,0.00305222999304533,0.012054825958330184,0.01002828503260389,0.004237898043356836,0.005349666986148804,18.081932778004557,0.43094363500131294,6.5190949679818,23.07064683700446,0.3613256480311975,194.37422948196763,3.094662921037525,5.777127542998642
next_in_line,0.0008227259968407452,0.0027732099988497794,0.0008540770504623652,0.0024210690171457827,0.0013038430479355156,0.002379323006607592,0.0017455400084145367,0.08485091896727681,0.005558186967391521,0.005332762957550585,0.006182361044920981,0.008242411015089601,0.0026058669900521636,0.010413109965156764,0.10437247494701296,0.005846506974194199,0.2861492710071616,0.013701696007046849,0.5487501819734462,0.041151190001983196,0.5839969859807752,0.09157254901947454,0.9483142550452612,19.636087265971582,150.7326734830276,1.1893741239910014,48.23614250199171,11.36875147401588,0.39275721000740305,0.3042057810234837,7.565042756032199,5.607067489007022