propogator,a1,a2,a3,a4,a5,a6,a7,a8,b1,b2,b3,b4,b5,b6,b7,b8,c1,c2,c3,c4,c5,c6,c7,c8,d1,d2,d3,d4,d5,d6,d7,d8
prop_BT,0.00045535003300756216,0.0015535270213149488,0.00016396096907556057,0.0017818050109781325,0.0008373670279979706,0.014863687043543905,0.007985775999259204,0.976077658997383
prop_FC,0.0002948479959741235,0.0006227869889698923,0.00040774402441456914,0.0012366859591566026,0.0007729129865765572,0.0015969439991749823,0.0010172370239160955,0.018933816987555474,0.002625107008498162,0.003259309974964708,0.002322657033801079,0.008972780022304505,0.00442878098692745,0.0026288150111213326,0.0043709949823096395,0.0038883070228621364,0.004366771026980132,0.0040238769724965096,0.0957034119637683,0.003354687010869384,0.012598544009961188,0.01100148499244824,0.003616228001192212,0.005697902000974864,27.182685675972607,1.2470171760069206,8.967194585944526,21.299329027999192,0.14169148699147627,195.75454828998772,5.482819541008212,8.907873336982448
prop_GAC,0.0006833940278738737,0.0012606370146386325,0.000993163965176791,0.004874942998867482,0.002858027000911534,0.003657286986708641,0.001398139982484281,0.047700457042083144,0.004861356981564313,0.00751800398575142,0.004310994001571089,0.009524927008897066,0.0069372090511024,0.006837873952463269,0.014487145002931356,0.00915932300267741,0.012679164996370673,0.010852168023120612,0.12301971699343994,0.005220940976869315,0.0184033410041593,0.022089281992521137,0.005779756000265479,0.015170198050327599,38.20988370705163,0.7024044969584793,10.62322322401451,25.117441089008935,0.16813911899225786,248.9854922670056,3.6661706769955344,6.07611086597899
